{
    "loss": [
        8.907023429870605,
        5.249229907989502,
        4.511904239654541,
        4.181529998779297,
        3.7877283096313477,
        3.64902925491333,
        3.5823607444763184,
        3.3849005699157715,
        3.184346914291382,
        2.962772846221924,
        2.747100830078125,
        2.6312408447265625,
        2.6351959705352783,
        2.533730983734131,
        2.650951862335205,
        2.557194471359253,
        2.494441270828247,
        2.4317469596862793,
        2.290287494659424,
        2.2968270778656006,
        2.2031936645507812,
        2.1814868450164795,
        2.0989162921905518,
        2.1498141288757324,
        2.0908730030059814,
        2.0281522274017334,
        2.0028040409088135,
        2.09006404876709,
        2.019460916519165,
        1.9866294860839844,
        1.9813013076782227,
        1.964822769165039,
        1.8939484357833862,
        1.9326725006103516,
        1.7694036960601807,
        1.7608760595321655,
        1.77911376953125,
        1.7035304307937622,
        1.7254379987716675,
        1.721161127090454,
        1.7237998247146606,
        1.6882288455963135,
        1.6674097776412964,
        1.6844462156295776
    ],
    "mae": [
        0.7778050303459167,
        0.6737103462219238,
        0.646014392375946,
        0.6244174242019653,
        0.5826559662818909,
        0.5700407028198242,
        0.5889328718185425,
        0.5734298229217529,
        0.5538330674171448,
        0.5328182578086853,
        0.5167250633239746,
        0.5042019486427307,
        0.49995118379592896,
        0.4958640933036804,
        0.49962151050567627,
        0.4941268861293793,
        0.4885284900665283,
        0.4823077917098999,
        0.47539934515953064,
        0.4716821312904358,
        0.46683740615844727,
        0.46252351999282837,
        0.45855939388275146,
        0.46162599325180054,
        0.458033949136734,
        0.45357802510261536,
        0.4507569670677185,
        0.4539077579975128,
        0.45018258690834045,
        0.44776660203933716,
        0.4474429190158844,
        0.44446349143981934,
        0.44197767972946167,
        0.44329437613487244,
        0.4341578781604767,
        0.4305061101913452,
        0.43144649267196655,
        0.4293605089187622,
        0.4316146969795227,
        0.43190786242485046,
        0.4365358054637909,
        0.43130144476890564,
        0.4362049400806427,
        0.4337430000305176
    ],
    "val_loss": [
        1.8250608444213867,
        1.7924621105194092,
        1.7694156169891357,
        1.0906507968902588,
        0.8268303871154785,
        0.8021904230117798,
        0.9245127439498901,
        0.8143218159675598,
        0.7000253796577454,
        0.6807748675346375,
        0.6352458000183105,
        0.6521876454353333,
        0.6084991097450256,
        0.6229732632637024,
        0.6128259301185608,
        0.6068231463432312,
        0.6121158003807068,
        0.6648762822151184,
        0.62772136926651,
        0.6069802641868591,
        0.611242949962616,
        0.6203712224960327,
        0.6253935694694519,
        0.5948001146316528,
        0.6153281331062317,
        0.6480913162231445,
        0.6293549537658691,
        0.6240567564964294,
        0.6277813911437988,
        0.6151840686798096,
        0.604669451713562,
        0.6081191897392273,
        0.628117024898529,
        0.6557535529136658,
        0.6356790661811829,
        0.6212422847747803,
        0.6281651854515076,
        0.6198241710662842,
        0.6294145584106445,
        0.6261626482009888,
        0.6270616054534912,
        0.6372458934783936,
        0.6584827303886414,
        0.6512699127197266
    ],
    "val_mae": [
        0.9482917189598083,
        0.9500095248222351,
        0.9478536248207092,
        0.6855292916297913,
        0.5388171076774597,
        0.5293585658073425,
        0.5877906680107117,
        0.5109755396842957,
        0.4477096199989319,
        0.43990784883499146,
        0.42229416966438293,
        0.42595019936561584,
        0.4057254195213318,
        0.40788689255714417,
        0.3992239832878113,
        0.3989701569080353,
        0.39905986189842224,
        0.4311160743236542,
        0.4076439142227173,
        0.396982878446579,
        0.3997576832771301,
        0.4068199694156647,
        0.4063138961791992,
        0.3890872895717621,
        0.40336960554122925,
        0.42279669642448425,
        0.40932726860046387,
        0.4065295159816742,
        0.4077036678791046,
        0.40602928400039673,
        0.3970051407814026,
        0.39703094959259033,
        0.40815645456314087,
        0.42840805649757385,
        0.41089797019958496,
        0.40083539485931396,
        0.40518879890441895,
        0.40245380997657776,
        0.4124387800693512,
        0.4140082895755768,
        0.4171452522277832,
        0.4192962050437927,
        0.434206485748291,
        0.4306541979312897
    ],
    "learning_rate": [
        0.0010000000474974513,
        0.0010000000474974513,
        0.0010000000474974513,
        0.0010000000474974513,
        0.0010000000474974513,
        0.0010000000474974513,
        0.0010000000474974513,
        0.0010000000474974513,
        0.0010000000474974513,
        0.0010000000474974513,
        0.0010000000474974513,
        0.0010000000474974513,
        0.0010000000474974513,
        0.0010000000474974513,
        0.0010000000474974513,
        0.0010000000474974513,
        0.0010000000474974513,
        0.0010000000474974513,
        0.0010000000474974513,
        0.0010000000474974513,
        0.0010000000474974513,
        0.0010000000474974513,
        0.0010000000474974513,
        0.0010000000474974513,
        0.0010000000474974513,
        0.0010000000474974513,
        0.0010000000474974513,
        0.0010000000474974513,
        0.0010000000474974513,
        0.0010000000474974513,
        0.0010000000474974513,
        0.0010000000474974513,
        0.0010000000474974513,
        0.0010000000474974513,
        0.0005000000237487257,
        0.0005000000237487257,
        0.0005000000237487257,
        0.0005000000237487257,
        0.0005000000237487257,
        0.0005000000237487257,
        0.0005000000237487257,
        0.0005000000237487257,
        0.0005000000237487257,
        0.0005000000237487257
    ]
}